SampleID,UniqueID,GenotypeID,Reef,BagID,Species,ClipID,RackID,Treatment,Chla_ug_cm2,Colour Change,CatalaseU,Protein_ug_cm2,FvFm
1432,S1396,JAN2019_Creech_A. tenuis_81,Creech,81,A. tenuis,1,18,Ambient,4.733611175,0.452793943,0,0,0.702758496
1330,S1296,JAN2019_13-123_A. tenuis_24,13-123,24,A. tenuis,8,16,Ambient,5.775261718,-0.782566739,0,0,0.66867404
1302,S1268,JAN2019_13-123_A. tenuis_22,13-123,22,A. tenuis,4,5,Ambient,8.342757057,0.169044162,0,0,0.654470802
1306,S1272,JAN2019_13-123_A. tenuis_24,13-123,24,A. tenuis,8,5,Ambient,4.365659536,-1.174997189,0,0,0.643867022
1538,S1502,JAN2019_Creech_A. tenuis_105,Creech,105,A. tenuis,5,63,Ambient,2.797281027,0.417943956,0,0,0.706168831
1328,S1294,JAN2019_13-123_A. tenuis_23,13-123,23,A. tenuis,6,16,Ambient,4.671927072,-0.025425816,0,0,0.661163004
1327,S1293,JAN2019_13-123_A. tenuis_23,13-123,23,A. tenuis,5,16,Ambient,3.58208307,-0.088992403,0,0,0.643893331
1284,S1250,JAN2019_13-123_A. tenuis_1,13-123,1,A. tenuis,4,2,Ambient,4.777334037,0.176790891,0,0,0.681472655
1294,S1260,JAN2019_13-123_A. tenuis_22,13-123,22,A. tenuis,4,3,Ambient,6.687761901,-0.013435463,0,0,0.656271518
1296,S1262,JAN2019_13-123_A. tenuis_23,13-123,23,A. tenuis,6,3,Ambient,4.307993986,0.381077692,0,0,0.662162396
1326,S1292,JAN2019_13-123_A. tenuis_22,13-123,22,A. tenuis,4,16,Ambient,6.00978732,0.0252412,0,0,0.662167524
1300,S1266,JAN2019_13-123_A. tenuis_5,13-123,5,A. tenuis,2,5,Ambient,4.355948373,-0.040763549,0,0,0.680067937
1359,S1325,JAN2019_13-123_A. tenuis_29,13-123,29,A. tenuis,1,26,Ambient,7.54886505,-0.257511859,1.03776413,0.000531172,0.648804802
1781,S1737,JAN2019_Lagoon_A. tenuis_33,Lagoon,33,A. tenuis,4,62,Ambient,3.397248973,-0.913828,1.008974769,0.002544167,0.645366327
2239,S2151,JAN2019_11-049_A. tenuis_27,11-049,27,A. tenuis,4,9,Ambient,2.829862554,0.068487,0.610377234,0.006268397,0.646846688
1541,S1505,JAN2019_Creech_A. tenuis_117,Creech,117,A. tenuis,3,64,Ambient,0.595641359,-0.468008281,0.085758801,0.007482657,0.655984355
1342,S1308,JAN2019_13-123_A. tenuis_1,13-123,1,A. tenuis,4,21,Ambient,4.610547592,-0.11515905,0.138233505,0.008122793,0.685618293
1413,S1377,JAN2019_Creech_A. tenuis_117,Creech,117,A. tenuis,3,9,Ambient,2.470842736,-0.383328421,0.077079051,0.008672914,0.66093233
1426,S1390,JAN2019_Creech_A. tenuis_117,Creech,117,A. tenuis,3,12,Ambient,0.844774818,-0.483655203,0.070788563,0.009417717,0.648608997
1670,S1771,JAN2019_Lagoon_A. tenuis_1,Lagoon,1,A. tenuis,5,14,Ambient,2.061530041,-0.430734,0.127344369,0.012212853,0.664863642
1425,S1389,JAN2019_Creech_A. tenuis_112,Creech,112,A. tenuis,2,12,Ambient,2.876957555,-0.496724439,0.048800736,0.019027816,0.687387178
1361,S1327,JAN2019_13-123_A. tenuis_1,13-123,1,A. tenuis,3,26,Ambient,3.441427926,-0.302004294,1.718604287,0.020302133,0.666653662
969,S973,JAN2019_13-124_A. tenuis_174,13-124,174,A. tenuis,4,B4,Ambient,3.721201828,-0.74935,0.070607926,0.020857818,0.693718615
1344,S1310,JAN2019_13-123_A. tenuis_2,13-123,2,A. tenuis,6,21,Ambient,2.649325777,-0.224235395,0.211952683,0.022017043,0.663534609
1436,S1400,JAN2019_Creech_A. tenuis_105,Creech,105,A. tenuis,5,18,Ambient,2.853399516,0.515795396,0.06627455,0.026354611,0.694962043
1409,S1373,JAN2019_Creech_A. tenuis_117,Creech,117,A. tenuis,3,8,Ambient,0.593932897,-0.429578529,0.060500439,0.026446089,0.639455206
1078,S994,JAN2019_13-124_A. tenuis_193,13-124,193,A. tenuis,5,B48,Ambient,4.559631746,-0.96736,0.043913236,0.026498534,0.664209613
1304,S1270,JAN2019_13-123_A. tenuis_23,13-123,23,A. tenuis,6,5,Ambient,3.252234854,0.199463869,0.056758993,0.029896744,0.638703274
1077,S993,JAN2019_13-124_A. tenuis_192,13-124,192,A. tenuis,4,B48,Ambient,7.425180927,-0.60914,0.171961525,0.030196473,0.669936433
970,S974,JAN2019_13-124_A. tenuis_190,13-124,190,A. tenuis,5,B4,Ambient,6.077410025,-0.26929,0.120812772,0.031039765,0.693037262
1861,S1744,JAN2019_Lagoon_A. tenuis_8,Lagoon,8,A. tenuis,1,75,Ambient,2.65993504,-1.362337,0.127897175,0.032864943,0.688214824
1780,S1736,JAN2019_Lagoon_A. tenuis_29,Lagoon,29,A. tenuis,3,62,Ambient,2.352228346,-0.948688,0.131272522,0.033241049,0.668306807
1419,S1383,JAN2019_Creech_A. tenuis_105,Creech,105,A. tenuis,5,10,Ambient,2.722173427,-0.457465907,0.094920154,0.033712545,0.686635646
1395,S1359,JAN2019_Creech_A. tenuis_112,Creech,112,A. tenuis,2,4,Ambient,2.825805244,0.383008558,0.075153744,0.034800457,0.681088564
1427,S1391,JAN2019_Creech_A. tenuis_67,Creech,67,A. tenuis,4,12,Ambient,1.495564861,-0.764054488,0.031875293,0.035679487,0.669655648
1537,S1501,JAN2019_Creech_A. tenuis_91,Creech,91,A. tenuis,4,63,Ambient,3.817797593,0.266407489,0.066470908,0.037610439,0.67867795
1464,S1428,JAN2019_Creech_A. tenuis_91,Creech,91,A. tenuis,4,31,Ambient,5.550827065,-1.022924817,0.048239408,0.03800479,0.676739236
1088,S1008,JAN2019_13-124_A. tenuis_161,13-124,161,A. tenuis,5,B64,Ambient,3.594260376,-2.07944,0.030199388,0.038403427,0.681097002
1295,S1261,JAN2019_13-123_A. tenuis_23,13-123,23,A. tenuis,5,3,Ambient,3.220990567,-0.018099276,0.028801799,0.039349393,0.645312132
2240,S2152,JAN2019_11-049_A. tenuis_41,11-049,41,A. tenuis,5,9,Ambient,6.734142548,-0.22879,0.137926444,0.039685531,0.644918726
1292,S1258,JAN2019_13-123_A. tenuis_5,13-123,5,A. tenuis,2,3,Ambient,6.728653185,-0.278415464,0.023533185,0.040131273,0.677320312
1515,S1479,JAN2019_Creech_A. tenuis_105,Creech,105,A. tenuis,5,45,Ambient,1.341628499,-0.229012569,0.035769789,0.043630014,0.700479628
1863,S1746,JAN2019_Lagoon_A. tenuis_118,Lagoon,118,A. tenuis,3,75,Ambient,1.094491689,-0.806469,0.051132104,0.043634686,0.662395022
1407,S1371,JAN2019_Creech_A. tenuis_108,Creech,108,A. tenuis,1,8,Ambient,1.938813233,-0.617277885,0.071670929,0.046084363,0.664183838
1443,S1407,JAN2019_Creech_A. tenuis_112,Creech,112,A. tenuis,2,24,Ambient,3.956763652,-0.001179234,0.058076636,0.046490296,0.640232593
1086,S1006,JAN2019_13-124_A. tenuis_159,13-124,159,A. tenuis,3,B64,Ambient,5.256759026,-0.4739,0.044104031,0.047469584,0.692706325
1865,S1748,JAN2019_Lagoon_A. tenuis_126,Lagoon,126,A. tenuis,5,75,Ambient,2.14675897,-0.649067,0.073497015,0.048165221,0.677136127
1075,S991,JAN2019_13-124_A. tenuis_196,13-124,196,A. tenuis,2,B48,Ambient,4.152555968,-0.68256,0.185532045,0.048252478,0.65293514
1281,S1247,JAN2019_13-123_A. tenuis_29,13-123,29,A. tenuis,1,2,Ambient,5.817459861,-0.193418564,0.007929789,0.051037205,0.669025063
1444,S1408,JAN2019_Creech_A. tenuis_117,Creech,117,A. tenuis,3,24,Ambient,2.243317454,-0.921388898,0.074193223,0.052041366,0.666997693
967,S971,JAN2019_13-124_A. tenuis_163,13-124,163,A. tenuis,2,B4,Ambient,5.1668158,-0.75302,0.108943377,0.052121212,0.675621215
1422,S1386,JAN2019_Creech_A. tenuis_117,Creech,117,A. tenuis,3,11,Ambient,1.394289808,5.51857252,0.045655548,0.053193347,0.665487031
1864,S1747,JAN2019_Lagoon_A. tenuis_119,Lagoon,119,A. tenuis,4,75,Ambient,0.84267932,-0.800593,0.010141193,0.053786032,0.689834811
1282,S1248,JAN2019_13-123_A. tenuis_29,13-123,29,A. tenuis,2,2,Ambient,7.905130143,-0.067525195,0.086668987,0.054297189,0.684117171
1286,S1252,JAN2019_13-123_A. tenuis_2,13-123,2,A. tenuis,6,2,Ambient,2.652330273,-0.072272138,0.024846559,0.05440637,0.675798462
1362,S1328,JAN2019_13-123_A. tenuis_1,13-123,1,A. tenuis,4,26,Ambient,4.266495184,0.102872931,0.136719114,0.054683544,0.688109777
2243,S2155,JAN2019_11-049_A. tenuis_46,11-049,46,A. tenuis,3,23,Ambient,6.293698852,0.628111,0.044223923,0.055704653,0.642681152
2237,S2149,JAN2019_11-049_A. tenuis_37,11-049,37,A. tenuis,2,9,Ambient,2.206759009,-0.14913,0.088032011,0.057218243,0.632686846
1778,S1734,JAN2019_Lagoon_A. tenuis_21,Lagoon,21,A. tenuis,1,62,Ambient,1.945836358,-0.917298,0.065290692,0.058020243,0.679064562
1668,S1666,JAN2019_Lagoon_A. tenuis_95,Lagoon,95,A. tenuis,3,14,Ambient,1.888039241,-0.367578,0.058426149,0.058193122,0.667371215
2266,S2178,JAN2019_11-049_A. tenuis_54,11-049,54,A. tenuis,1,1,Ambient,6.938111674,0.078423,0.122963166,0.059634118,0.660058
1485,S1449,JAN2019_Creech_A. tenuis_112,Creech,112,A. tenuis,2,39,Ambient,2.570660811,-0.076869404,0.072951193,0.060033816,0.631948317
1514,S1478,JAN2019_Creech_A. tenuis_91,Creech,91,A. tenuis,4,45,Ambient,3.246590048,-0.091200365,0.081447876,0.060568799,0.676007394
1779,S1735,JAN2019_Lagoon_A. tenuis_26,Lagoon,26,A. tenuis,2,62,Ambient,2.325855616,-0.51798,0.067752594,0.06059197,0.664863473
1340,S1306,JAN2019_13-123_A. tenuis_29,13-123,29,A. tenuis,2,21,Ambient,8.882160845,-0.184963371,0.011334998,0.060997576,0.675457516
1394,S1358,JAN2019_Creech_A. tenuis_108,Creech,108,A. tenuis,1,4,Ambient,5.975503944,0.607456803,0.077141335,0.062156241,0.665908401
2289,S2201,JAN2019_11-049_A. tenuis_74,11-049,74,A. tenuis,4,38,Ambient,3.01024387,-0.12815,0.054861181,0.06220549,0.637995231
1285,S1251,JAN2019_13-123_A. tenuis_2,13-123,2,A. tenuis,5,2,Ambient,3.902854744,-0.126661844,0.068374903,0.06313929,0.603033523
2270,S2182,JAN2019_11-049_A. tenuis_60,11-049,60,A. tenuis,5,1,Ambient,4.353206824,-0.06507,0.055355695,0.06438084,0.650499355
2242,S2154,JAN2019_11-049_A. tenuis_45,11-049,45,A. tenuis,2,23,Ambient,8.295238234,0.542813,0.118588786,0.06452696,0.6501924
2269,S2181,JAN2019_11-049_A. tenuis_59,11-049,59,A. tenuis,4,1,Ambient,1.997627347,-0.42706,0.258535432,0.065542273,0.645977638
968,S972,JAN2019_13-124_A. tenuis_170,13-124,170,A. tenuis,3,B4,Ambient,4.361769959,-0.18379,0.045242713,0.06596743,0.687438906
2241,S2153,JAN2019_11-049_A. tenuis_43,11-049,43,A. tenuis,1,23,Ambient,6.380030546,-0.1881,0.095689131,0.066503231,0.641274303
1324,S1290,JAN2019_13-123_A. tenuis_5,13-123,5,A. tenuis,2,16,Ambient,4.740058054,-0.234827012,0.028790488,0.066866221,0.676100514
1297,S1263,JAN2019_13-123_A. tenuis_24,13-123,24,A. tenuis,7,3,Ambient,4.33266127,-0.781342027,0.015087963,0.067691932,0.68247441
2227,S2139,JAN2019_11-049_A. tenuis_24,11-049,24,A. tenuis,2,24,Ambient,1.686354872,-0.31382,0.117308856,0.067928132,0.665965256
1325,S1291,JAN2019_13-123_A. tenuis_22,13-123,22,A. tenuis,3,16,Ambient,5.234581666,-0.717645214,0.034943791,0.067966294,0.659695823
2244,S2156,JAN2019_11-049_A. tenuis_47,11-049,47,A. tenuis,4,23,Ambient,7.178865967,0.528135,0.107996079,0.068785566,0.669169713
1862,S1745,JAN2019_Lagoon_A. tenuis_12,Lagoon,12,A. tenuis,2,75,Ambient,2.106033455,-1.53422,0.040636614,0.06949916,0.677286425
1457,S1421,JAN2019_Creech_A. tenuis_83,Creech,83,A. tenuis,2,28,Ambient,4.63818253,0.009405699,0.022268841,0.069853459,0.680684684
1364,S1330,JAN2019_13-123_A. tenuis_2,13-123,2,A. tenuis,6,26,Ambient,2.516340575,-0.132638421,0.120819964,0.070629056,0.673635213
1456,S1420,JAN2019_Creech_A. tenuis_81,Creech,81,A. tenuis,1,28,Ambient,2.865471388,-0.098160836,0.051456734,0.070794566,0.678183402
1669,S1667,JAN2019_Lagoon_A. tenuis_96,Lagoon,96,A. tenuis,4,14,Ambient,3.301738491,-1.056813,0.059080396,0.070913539,0.688233742
1076,S992,JAN2019_13-124_A. tenuis_191,13-124,191,A. tenuis,3,B48,Ambient,3.907052285,-0.52849,0.057707849,0.071409854,0.657025287
1393,S1357,JAN2019_Creech_A. tenuis_105,Creech,105,A. tenuis,5,3,Ambient,1.895128202,-0.723843098,0.044432903,0.072292864,0.696972543
2245,S2157,JAN2019_11-049_A. tenuis_52,11-049,52,A. tenuis,5,23,Ambient,2.980531805,0.255839,0.073902526,0.073455831,0.658078272
1461,S1425,JAN2019_Creech_A. tenuis_81,Creech,81,A. tenuis,1,31,Ambient,3.292628326,0.168471648,0.018774176,0.07355443,0.663701161
1283,S1249,JAN2019_13-123_A. tenuis_1,13-123,1,A. tenuis,3,2,Ambient,5.651717153,-0.137657765,0.03912217,0.074359139,0.674614199
1087,S1007,JAN2019_13-124_A. tenuis_160,13-124,160,A. tenuis,4,B64,Ambient,5.649337381,-0.2851,0.050471444,0.074487665,0.688486856
1782,S1738,JAN2019_Lagoon_A. tenuis_83,Lagoon,83,A. tenuis,5,62,Ambient,1.657018715,-0.758478,0.038298271,0.074793049,0.681587302
1365,S1331,JAN2019_13-123_A. tenuis_3,13-123,3,A. tenuis,7,26,Ambient,3.855335663,-0.900568031,0.137605976,0.075573317,0.635516657
1416,S1380,JAN2019_Creech_A. tenuis_83,Creech,83,A. tenuis,2,10,Ambient,4.702904527,-0.601295018,0.094270369,0.076909638,0.664103495
1293,S1259,JAN2019_13-123_A. tenuis_22,13-123,22,A. tenuis,3,3,Ambient,5.425927254,-0.15518951,0.061788296,0.077324515,0.653132433
1459,S1423,JAN2019_Creech_A. tenuis_91,Creech,91,A. tenuis,4,28,Ambient,3.625039463,0.419170363,0.070055163,0.077489955,0.674330483
1085,S1005,JAN2019_13-124_A. tenuis_157,13-124,157,A. tenuis,2,B64,Ambient,4.047847766,-0.40937,0.067767429,0.078015304,0.671645623
1323,S1289,JAN2019_13-123_A. tenuis_5,13-123,5,A. tenuis,1,16,Ambient,3.290373962,-0.440894778,0.038573187,0.07892702,0.663210409
1667,S1665,JAN2019_Lagoon_A. tenuis_94,Lagoon,94,A. tenuis,2,14,Ambient,1.883771404,-0.712314,0.061335117,0.079141041,0.689000993
1299,S1265,JAN2019_13-123_A. tenuis_5,13-123,5,A. tenuis,1,5,Ambient,3.796610455,-0.167940129,0.029320428,0.080016936,0.667760129
1287,S1253,JAN2019_13-123_A. tenuis_3,13-123,3,A. tenuis,7,2,Ambient,6.956247971,-0.794831285,0.08856687,0.080290369,0.667752162
1305,S1271,JAN2019_13-123_A. tenuis_24,13-123,24,A. tenuis,7,5,Ambient,4.10922688,-0.436804973,0.018542332,0.080895974,0.659824632
1391,S1355,JAN2019_Creech_A. tenuis_90,Creech,90,A. tenuis,3,3,Ambient,1.665363968,-0.26939842,0.073591881,0.08115252,0.675974026
2226,S2138,JAN2019_11-049_A. tenuis_23,11-049,23,A. tenuis,1,24,Ambient,2.430942767,0.071588,0.103283174,0.081542808,0.677767527
2228,S2140,JAN2019_11-049_A. tenuis_30,11-049,30,A. tenuis,3,24,Ambient,1.22518695,-0.05322,0.224261406,0.082140984,0.656372252
1084,S1004,JAN2019_13-124_A. tenuis_156,13-124,156,A. tenuis,1,B64,Ambient,5.654523808,-0.54998,0.103875066,0.082358552,0.659594486
2238,S2150,JAN2019_11-049_A. tenuis_38,11-049,38,A. tenuis,3,9,Ambient,3.837519317,0.071409,0.047804672,0.082795254,0.664192387
1348,S1314,JAN2019_13-123_A. tenuis_4,13-123,4,A. tenuis,10,21,Ambient,3.942284292,0.007225475,0.086797281,0.084488053,0.668540121
2290,S2202,JAN2019_11-049_A. tenuis_80,11-049,80,A. tenuis,5,38,Ambient,7.019350182,-0.03364,0.165577871,0.085028412,0.662997445
1411,S1375,JAN2019_Creech_A. tenuis_108,Creech,108,A. tenuis,1,9,Ambient,2.817491927,-0.261335593,0.012236046,0.086268337,0.648889195
1406,S1370,JAN2019_Creech_A. tenuis_105,Creech,105,A. tenuis,5,6,Ambient,0.427548431,-0.739430363,0.023536616,0.08653184,0.683775958
1074,S990,JAN2019_13-124_A. tenuis_195,13-124,195,A. tenuis,1,B48,Ambient,4.793121999,-0.91177,0.096693665,0.088464048,0.655913103
1484,S1448,JAN2019_Creech_A. tenuis_108,Creech,108,A. tenuis,1,39,Ambient,3.934188851,-0.583742801,0.018566006,0.088713684,0.624697539
2288,S2200,JAN2019_11-049_A. tenuis_73,11-049,73,A. tenuis,3,38,Ambient,3.588750914,-0.23558,0.044633264,0.088879898,0.654439749
1421,S1385,JAN2019_Creech_A. tenuis_112,Creech,112,A. tenuis,2,11,Ambient,3.17477246,6.261403874,0.056798313,0.090102717,0.679944165
1343,S1309,JAN2019_13-123_A. tenuis_2,13-123,2,A. tenuis,5,21,Ambient,2.325236038,-0.641543168,0.091828223,0.090143855,0.662014207
2268,S2180,JAN2019_11-049_A. tenuis_58,11-049,58,A. tenuis,3,1,Ambient,7.420430036,0.152968,0.141153256,0.090206916,0.661699831
1402,S1366,JAN2019_Creech_A. tenuis_81,Creech,81,A. tenuis,1,6,Ambient,3.9608321,-0.554619025,0.014443759,0.09030529,0.695429534
1439,S1403,JAN2019_Creech_A. tenuis_90,Creech,90,A. tenuis,3,20,Ambient,2.526203719,-0.434157206,0.05592926,0.091066895,0.678353096
1535,S1499,JAN2019_Creech_A. tenuis_83,Creech,83,A. tenuis,2,63,Ambient,4.526970918,-0.273383059,0.026513217,0.091355692,0.688736947
1366,S1332,JAN2019_13-123_A. tenuis_3,13-123,3,A. tenuis,8,26,Ambient,2.841024349,-0.659055718,0.089695385,0.091420534,0.697816657
1418,S1382,JAN2019_Creech_A. tenuis_91,Creech,91,A. tenuis,4,10,Ambient,3.463497771,-0.638489314,0.030132795,0.092922014,0.684129576
1440,S1404,JAN2019_Creech_A. tenuis_91,Creech,91,A. tenuis,4,20,Ambient,5.218903089,-0.846796058,0.074778349,0.093609984,0.675301424
1303,S1269,JAN2019_13-123_A. tenuis_23,13-123,23,A. tenuis,5,5,Ambient,4.321622539,-0.018990546,0.038680754,0.09545594,0.65714495
1329,S1295,JAN2019_13-123_A. tenuis_24,13-123,24,A. tenuis,7,16,Ambient,4.08059383,-0.751120067,0.050724386,0.095538936,0.670556204
1512,S1476,JAN2019_Creech_A. tenuis_83,Creech,83,A. tenuis,2,45,Ambient,4.119041753,0.010228783,0.033458201,0.095888299,0.681120168
1539,S1503,JAN2019_Creech_A. tenuis_108,Creech,108,A. tenuis,1,64,Ambient,4.871444207,-0.238908591,0.045338653,0.097040819,0.656769538
1345,S1311,JAN2019_13-123_A. tenuis_3,13-123,3,A. tenuis,7,21,Ambient,4.898042461,-0.757498775,0.081654752,0.097296848,0.677912785
1404,S1368,JAN2019_Creech_A. tenuis_90,Creech,90,A. tenuis,3,6,Ambient,3.32591412,-0.386512997,0.031366741,0.097919915,0.67481995
1462,S1426,JAN2019_Creech_A. tenuis_83,Creech,83,A. tenuis,2,31,Ambient,4.343471981,0.13226313,0.03540317,0.098585389,0.670957043
1347,S1313,JAN2019_13-123_A. tenuis_4,13-123,4,A. tenuis,9,21,Ambient,3.762578429,-0.166569449,0.052252175,0.099517388,0.642848627
1445,S1409,JAN2019_Creech_A. tenuis_67,Creech,67,A. tenuis,4,24,Ambient,2.688242432,-0.406074718,0.074469928,0.100532061,0.689746929
1346,S1312,JAN2019_13-123_A. tenuis_3,13-123,3,A. tenuis,8,21,Ambient,4.207782491,-0.890382452,0.016558902,0.100650794,0.675921202
1458,S1422,JAN2019_Creech_A. tenuis_90,Creech,90,A. tenuis,3,28,Ambient,2.908742043,-0.551285853,0.183779508,0.100967006,0.685534264
2229,S2141,JAN2019_11-049_A. tenuis_32,11-049,32,A. tenuis,4,24,Ambient,2.790717612,-0.04535,0.168530559,0.101681681,0.6796376
1301,S1267,JAN2019_13-123_A. tenuis_22,13-123,22,A. tenuis,3,5,Ambient,5.690178201,-0.025598588,0.02442622,0.10177929,0.650825972
1437,S1401,JAN2019_Creech_A. tenuis_81,Creech,81,A. tenuis,1,20,Ambient,3.700100559,-0.237246231,0.066789519,0.102045285,0.666517098
1463,S1427,JAN2019_Creech_A. tenuis_90,Creech,90,A. tenuis,3,31,Ambient,3.379145938,-0.181355074,0.033235863,0.104462961,0.676366528
1389,S1353,JAN2019_Creech_A. tenuis_81,Creech,81,A. tenuis,1,3,Ambient,5.258490037,-0.747137609,0.034194082,0.108205858,0.685351596
1498,S1462,JAN2019_Creech_A. tenuis_108,Creech,108,A. tenuis,1,42,Ambient,2.424891305,0.130194912,0.08790205,0.108461634,0.660430824
1339,S1305,JAN2019_13-123_A. tenuis_29,13-123,29,A. tenuis,1,21,Ambient,7.009177651,-0.267832266,0.006443862,0.111643712,0.693498266
1434,S1398,JAN2019_Creech_A. tenuis_90,Creech,90,A. tenuis,3,18,Ambient,3.206813329,0.456164675,0.047826548,0.116134941,0.681772109
1438,S1402,JAN2019_Creech_A. tenuis_83,Creech,83,A. tenuis,2,20,Ambient,4.525469048,-0.081310459,0.103021945,0.1166823,0.662479437
2236,S2148,JAN2019_11-049_A. tenuis_35,11-049,35,A. tenuis,1,9,Ambient,7.376794883,0.028712,0.272463558,0.117446899,0.676545833
2230,S2142,JAN2019_11-049_A. tenuis_33,11-049,33,A. tenuis,5,24,Ambient,6.37203867,-0.07625,0.046274444,0.11823015,0.663864596
1291,S1257,JAN2019_13-123_A. tenuis_5,13-123,5,A. tenuis,1,3,Ambient,5.409831166,-0.343302398,0.009692616,0.121114154,0.663942546
1397,S1361,JAN2019_Creech_A. tenuis_67,Creech,67,A. tenuis,4,4,Ambient,1.43765863,-0.029247571,0.011504493,0.131695586,0.680240472
1487,S1451,JAN2019_Creech_A. tenuis_67,Creech,67,A. tenuis,4,39,Ambient,2.329745113,-0.036730947,0.012274453,0.133073138,0.691582862
1298,S1264,JAN2019_13-123_A. tenuis_24,13-123,24,A. tenuis,8,3,Ambient,6.320359877,-0.591898419,0.014025011,0.151406765,0.673614959
1423,S1387,JAN2019_Creech_A. tenuis_67,Creech,67,A. tenuis,4,11,Ambient,4.507773834,5.878331343,0.044623794,0.152665191,0.695495635
1501,S1465,JAN2019_Creech_A. tenuis_67,Creech,67,A. tenuis,4,42,Ambient,2.366085685,-0.357884686,0.05262496,0.161973654,0.692502386
1499,S1463,JAN2019_Creech_A. tenuis_112,Creech,112,A. tenuis,2,42,Ambient,6.10390485,0.027814793,0.023771742,0.168267012,0.679551375
891,S794,JAN2019_Corbett_A. tenuis_105,Corbett,105,A. tenuis,3,B30,Ambient,5.687601986,-0.340120006,19.70448895,0.000190552,0.710656608
1871,S1793,JAN2019_Lagoon_A. tenuis_8,Lagoon,8,A. tenuis,1,20,Ambient,2.686211427,1.339273,0.702538628,0.002815504,0.656329978
1677,S1805,JAN2019_Lagoon_A. tenuis_94,Lagoon,94,A. tenuis,2,23,Ambient,3.109190325,0.781295,0.29982546,0.006167224,0.657483736
907,S810,JAN2019_Corbett_A. tenuis_84,Corbett,84,A. tenuis,1,B43,Ambient,4.649677762,0.665218387,1.520318396,0.006964485,0.709898763
1214,S1149,JAN2019_13-124_A. tenuis_192,13-124,192,A. tenuis,4,B39,Ambient,6.961007738,0.115531,0.139666685,0.022670858,0.644786119
875,S778,JAN2019_Corbett_A. tenuis_91,Corbett,91,A. tenuis,1,B26,Ambient,4.630138831,0.021377876,0.221914769,0.02281087,0.697676501
1791,S1859,JAN2019_Lagoon_A. tenuis_33,Lagoon,33,A. tenuis,4,48,Ambient,2.321360203,-1.503984,0.109017021,0.023349148,0.668724058
1874,S1796,JAN2019_Lagoon_A. tenuis_119,Lagoon,119,A. tenuis,4,20,Ambient,1.156745591,1.464091,0.051565727,0.023382087,0.659420976
1230,S1165,JAN2019_13-124_A. tenuis_190,13-124,190,A. tenuis,5,B43,Ambient,5.415021109,-0.26712,0.09530303,0.023783784,0.680793261
1210,S1145,JAN2019_13-124_A. tenuis_161,13-124,161,A. tenuis,5,B38,Ambient,5.698001311,-0.10494,0.066012311,0.02745159,0.659776548
909,S812,JAN2019_Corbett_A. tenuis_88,Corbett,88,A. tenuis,3,B43,Ambient,4.926329297,0.275979427,0.159624576,0.028733921,0.692715444
890,S793,JAN2019_Corbett_A. tenuis_112,Corbett,112,A. tenuis,2,B30,Ambient,0.185484238,0.209376984,0.081394982,0.031093918,0.680010833
899,S802,JAN2019_Corbett_A. tenuis_97,Corbett,97,A. tenuis,1,B33,Ambient,5.097664901,0.590893612,0.55501672,0.033752136,0.670892662
911,S814,JAN2019_Corbett_A. tenuis_90,Corbett,90,A. tenuis,5,B43,Ambient,2.752193582,0.247842753,0.310895284,0.036147526,0.687412765
1680,S1811,JAN2019_Lagoon_A. tenuis_1,Lagoon,1,A. tenuis,5,23,Ambient,2.00248952,-0.418337,0.171796403,0.037283769,0.697806724
910,S813,JAN2019_Corbett_A. tenuis_89,Corbett,89,A. tenuis,4,B43,Ambient,0.107609553,0.159873247,0.101486744,0.037768479,0.664354231
900,S803,JAN2019_Corbett_A. tenuis_98,Corbett,98,A. tenuis,2,B33,Ambient,0.182242456,1.582089311,0.112746609,0.041848095,0.677304201
1215,S1150,JAN2019_13-124_A. tenuis_193,13-124,193,A. tenuis,5,B39,Ambient,3.913118388,0.168703,0.058840799,0.042015915,0.644016941
893,S796,JAN2019_Corbett_A. tenuis_99,Corbett,99,A. tenuis,5,B30,Ambient,6.898918285,0.331146367,0.29345532,0.042094794,0.682465664
1208,S1143,JAN2019_13-124_A. tenuis_159,13-124,159,A. tenuis,3,B38,Ambient,5.996143577,0.347315,0.081673643,0.042556131,0.642568708
1792,S1860,JAN2019_Lagoon_A. tenuis_83,Lagoon,83,A. tenuis,5,48,Ambient,1.908233437,0.085156,0.035361487,0.044409898,0.675031053
937,,JAN2019_Corbett_A. tenuis_96,Corbett,96,A. tenuis,5,B26,Ambient,4.831291138,0.084680575,0.064007642,0.045419577,0.664802409
889,S792,JAN2019_Corbett_A. tenuis_101,Corbett,101,A. tenuis,1,B30,Ambient,4.879530291,-0.055151787,0.474761322,0.046473477,0.652682833
1875,S1797,JAN2019_Lagoon_A. tenuis_126,Lagoon,126,A. tenuis,5,20,Ambient,2.260961559,-0.218161,0.252549215,0.049378844,0.686960784
2067,S1937,JAN2019_Mantis_A. tenuis_5,Mantis,5,A. tenuis,2,29,Ambient,2.43451537,0.502092498,0,0.049841117,0.661458334
1226,S1161,JAN2019_13-124_A. tenuis_162,13-124,162,A. tenuis,1,B43,Ambient,5.218921578,-0.0339,0.093773479,0.050156328,0.668292683
1227,S1162,JAN2019_13-124_A. tenuis_163,13-124,163,A. tenuis,2,B43,Ambient,4.74995708,-0.04119,0.058235362,0.054059625,0.662501571
1206,S1141,JAN2019_13-124_A. tenuis_156,13-124,156,A. tenuis,1,B38,Ambient,3.979643088,0.348889,0.22146946,0.054122135,0.661100012
1872,S1794,JAN2019_Lagoon_A. tenuis_12,Lagoon,12,A. tenuis,2,20,Ambient,1.725015208,-0.423909,0.129166821,0.05677619,0.685183468
892,S795,JAN2019_Corbett_A. tenuis_122,Corbett,122,A. tenuis,4,B30,Ambient,4.00942286,-0.196039868,0.605988396,0.058379556,0.698897632
1209,S1144,JAN2019_13-124_A. tenuis_160,13-124,160,A. tenuis,4,B38,Ambient,5.38396799,0.364679,0.110394183,0.059106375,0.679630126
908,S811,JAN2019_Corbett_A. tenuis_85,Corbett,85,A. tenuis,2,B43,Ambient,4.116657526,0.563475699,0.054501447,0.060181888,0.686664459
1788,S1856,JAN2019_Lagoon_A. tenuis_21,Lagoon,21,A. tenuis,1,48,Ambient,1.274405918,0.104353,0.10858188,0.06052049,0.677053824
2087,S1947,JAN2019_Mantis_A. tenuis_34,Mantis,34,A. tenuis,2,44,Ambient,0.216953481,-0.038490893,0.025939919,0.060654005,0.655770308
1790,S1858,JAN2019_Lagoon_A. tenuis_29,Lagoon,29,A. tenuis,3,48,Ambient,1.452389802,0.043344,0.397885713,0.060821485,0.662114955
1676,S1803,JAN2019_Lagoon_A. tenuis_90,Lagoon,90,A. tenuis,1,23,Ambient,1.531108416,0.241424,0.056073777,0.061347749,0.690197752
878,S781,JAN2019_Corbett_A. tenuis_95,Corbett,95,A. tenuis,4,B26,Ambient,0.290542428,0.041800167,0.085950178,0.063566172,0.686364771
2086,S1946,JAN2019_Mantis_A. tenuis_33,Mantis,33,A. tenuis,1,44,Ambient,0.551267417,0.574997559,0.028193109,0.064490291,0.645650838
877,S780,JAN2019_Corbett_A. tenuis_94,Corbett,94,A. tenuis,3,B26,Ambient,0.114692313,0.05331473,0.096433828,0.065477912,0.687804003
1229,S1164,JAN2019_13-124_A. tenuis_174,13-124,174,A. tenuis,4,B43,Ambient,3.802801726,0.025024,0.07460769,0.065653565,0.698396474
1679,S1809,JAN2019_Lagoon_A. tenuis_96,Lagoon,96,A. tenuis,4,23,Ambient,2.651321018,-1.160779,0.04397206,0.066340828,0.698465209
1212,S1147,JAN2019_13-124_A. tenuis_196,13-124,196,A. tenuis,2,B39,Ambient,3.209261299,0.692144,0.192441318,0.066423411,0.677630163
1228,S1163,JAN2019_13-124_A. tenuis_170,13-124,170,A. tenuis,3,B43,Ambient,3.347392961,0.09178,0.294316922,0.068740794,0.675353084
1873,S1795,JAN2019_Lagoon_A. tenuis_118,Lagoon,118,A. tenuis,3,20,Ambient,1.590923414,0.581842,0.033322347,0.072343043,0.67166077
1213,S1148,JAN2019_13-124_A. tenuis_191,13-124,191,A. tenuis,3,B39,Ambient,5.01359957,0.294388,0.060950637,0.07253497,0.665239679
2068,S1938,JAN2019_Mantis_A. tenuis_13,Mantis,13,A. tenuis,3,29,Ambient,1.256500312,-0.118615643,0.073886183,0.074567392,0.647433481
2070,S1940,JAN2019_Mantis_A. tenuis_63,Mantis,63,A. tenuis,5,29,Ambient,2.510450618,-0.120879892,0.056281455,0.074624936,0.688315529
876,S779,JAN2019_Corbett_A. tenuis_93,Corbett,93,A. tenuis,2,B26,Ambient,5.547822474,0.655753941,0.147166317,0.075591655,0.686721963
2066,S1936,JAN2019_Mantis_A. tenuis_49,Mantis,49,A. tenuis,1,29,Ambient,0.91910832,-0.039357438,0.108469883,0.076821851,0.710404649
2004,S1904,JAN2019_Mantis_A. tenuis_28,Mantis,28,A. tenuis,4,72,Ambient,2.215188013,-0.12284325,0.035117875,0.077660527,0.695047992
1789,S1857,JAN2019_Lagoon_A. tenuis_26,Lagoon,26,A. tenuis,2,48,Ambient,0.847560897,1.508006,0,0.077965708,0.661466977
2089,S1949,JAN2019_Mantis_A. tenuis_39,Mantis,39,A. tenuis,4,44,Ambient,2.969391782,0.01117219,0.048720996,0.07811485,0.684907383
1207,S1142,JAN2019_13-124_A. tenuis_157,13-124,157,A. tenuis,2,B38,Ambient,2.560628412,0.597926,0.127799026,0.081728024,0.661581423
1678,S1807,JAN2019_Lagoon_A. tenuis_95,Lagoon,95,A. tenuis,3,23,Ambient,3.181010561,-0.107051,0.059683157,0.08186285,0.67381114
2005,S1905,JAN2019_Mantis_A. tenuis_32,Mantis,32,A. tenuis,5,72,Ambient,0.080943029,0.545996365,0.044500405,0.084493613,0.677807551
1211,S1146,JAN2019_13-124_A. tenuis_195,13-124,195,A. tenuis,1,B39,Ambient,3.772739648,0.341291,0,0.087505543,0.672308208
2003,S1903,JAN2019_Mantis_A. tenuis_27,Mantis,27,A. tenuis,3,72,Ambient,0.031207164,0.20534213,0.101813834,0.087798392,0.691060255
2088,S1948,JAN2019_Mantis_A. tenuis_36,Mantis,36,A. tenuis,3,44,Ambient,0.018110776,-0.061235692,0.08249443,0.088248383,0.6604531
2001,S1901,JAN2019_Mantis_A. tenuis_21,Mantis,21,A. tenuis,1,72,Ambient,0.401997267,0.627005124,0.020032025,0.089142974,0.670155471
2090,S1950,JAN2019_Mantis_A. tenuis_65,Mantis,65,A. tenuis,5,44,Ambient,2.165780054,-0.28293515,0.070819952,0.093052873,0.651909722
2069,S1939,JAN2019_Mantis_A. tenuis_61,Mantis,61,A. tenuis,4,29,Ambient,0.010123938,-0.217929643,0.056583743,0.097831141,0.685783785
2002,S1902,JAN2019_Mantis_A. tenuis_22,Mantis,22,A. tenuis,2,72,Ambient,2.3051447,0.281197458,0.02651273,0.125724674,0.688271139
1308,S1274,JAN2019_13-123_A. tenuis_5,13-123,5,A. tenuis,2,7,High,2.586218731,-2.875453769,0,0,0.673420376
1274,S1240,JAN2019_13-123_A. tenuis_1,13-123,1,A. tenuis,4,1,High,0.98759789,-4.265900142,0,0,0.552143502
1529,S1493,JAN2019_Creech_A. tenuis_105,Creech,105,A. tenuis,5,61,High,0.858775587,0.272427349,0,0,0.679483671
1374,S1340,JAN2019_13-123_A. tenuis_2,13-123,2,A. tenuis,6,97,High,1.421442485,-2.228132643,0,0,0.578760643
1451,S1415,JAN2019_Creech_A. tenuis_81,Creech,81,A. tenuis,1,26,High,0.80352403,-3.812709745,0,0,0.595814232
1387,S1351,JAN2019_Creech_A. tenuis_117,Creech,117,A. tenuis,3,2,High,0,-1.76409433,0,0,0.517102516
1478,S1442,JAN2019_Creech_A. tenuis_105,Creech,105,A. tenuis,5,37,High,0.152600202,-3.25789604,0,0,0.693946431
1278,S1244,JAN2019_13-123_A. tenuis_3,13-123,3,A. tenuis,8,1,High,2.832733837,-3.001033714,0,0,0.609530455
1399,S1363,JAN2019_Creech_A. tenuis_112,Creech,112,A. tenuis,2,5,High,0.035455919,-1.538060809,0,0,0.640300368
1493,S1457,JAN2019_Creech_A. tenuis_81,Creech,81,A. tenuis,1,41,High,1.471061032,-2.043046974,0.002572743,0,0.696698017
1370,S1336,JAN2019_13-123_A. tenuis_29,13-123,29,A. tenuis,2,97,High,2.104204111,-4.40113866,0,0,0.622916427
1276,S1242,JAN2019_13-123_A. tenuis_2,13-123,2,A. tenuis,6,1,High,1.730448603,-2.645977975,0,0,0.597704279
1386,S1350,JAN2019_Creech_A. tenuis_112,Creech,112,A. tenuis,2,2,High,0.0588162,-1.529839188,0,0,0.669588822
1401,S1365,JAN2019_Creech_A. tenuis_67,Creech,67,A. tenuis,4,5,High,0.092105579,-2.952809697,0,0,0.655697954
1530,S1494,JAN2019_Creech_A. tenuis_108,Creech,108,A. tenuis,1,62,High,0.103695542,-3.666345453,0,0,0.609882242
1476,S1440,JAN2019_Creech_A. tenuis_90,Creech,90,A. tenuis,3,37,High,0.073728153,-3.455365445,0.000486963,0,0.572899542
1490,S1454,JAN2019_Creech_A. tenuis_90,Creech,90,A. tenuis,3,40,High,1.902253497,-1.44996558,0,0,0.628865126
1429,S1393,JAN2019_Creech_A. tenuis_112,Creech,112,A. tenuis,2,17,High,1.969309824,-0.039806865,0,0,0.686454028
1520,S1484,JAN2019_Creech_A. tenuis_105,Creech,105,A. tenuis,5,46,High,0.092201246,-3.066641435,0,0,0.610395283
1383,S1347,JAN2019_Creech_A. tenuis_117,Creech,117,A. tenuis,3,1,High,0.091190268,-3.105030327,0,0,0.493602826
1431,S1395,JAN2019_Creech_A. tenuis_67,Creech,67,A. tenuis,4,17,High,0.061468672,0.247861703,0,0,0.680861819
1350,S1316,JAN2019_13-123_A. tenuis_29,13-123,29,A. tenuis,2,25,High,3.474707219,-1.966878648,0.034704109,0,0.642900419
1468,S1432,JAN2019_Creech_A. tenuis_117,Creech,117,A. tenuis,3,32,High,0.838492377,-1.538204188,0,0,0.669887012
1528,S1492,JAN2019_Creech_A. tenuis_91,Creech,91,A. tenuis,4,61,High,0.490165626,-0.130693837,0,0,0.648435358
2234,S2146,JAN2019_11-049_A. tenuis_27,11-049,27,A. tenuis,4,11,High,2.157910109,-0.81685,0,0,0.614161298
1507,S1471,JAN2019_Creech_A. tenuis_108,Creech,108,A. tenuis,1,44,High,0.078093703,-3.460010194,0,0,0.643960674
1502,S1466,JAN2019_Creech_A. tenuis_81,Creech,81,A. tenuis,1,43,High,0.278917262,-2.041617394,0,0,0.683164849
1474,S1438,JAN2019_Creech_A. tenuis_81,Creech,81,A. tenuis,1,37,High,0.139600955,-4.741440107,0,0,0.663934806
1508,S1472,JAN2019_Creech_A. tenuis_112,Creech,112,A. tenuis,2,44,High,0.040288968,-1.287694653,0,0,0.696060203
1273,S1239,JAN2019_13-123_A. tenuis_1,13-123,1,A. tenuis,3,1,High,0.585220076,-4.262211989,0,0,0.568309543
1400,S1364,JAN2019_Creech_A. tenuis_117,Creech,117,A. tenuis,3,5,High,0.015406189,-2.842890024,0,0,0.54610346
1376,S1342,JAN2019_13-123_A. tenuis_3,13-123,3,A. tenuis,8,97,High,2.207166195,-2.431887178,0,0,0.630192503
1866,S1707,JAN2019_Lagoon_A. tenuis_8,Lagoon,8,A. tenuis,1,31,High,0.252625169,-5.838584,0,0,0.655648203
1473,S1437,JAN2019_Creech_A. tenuis_67,Creech,67,A. tenuis,4,33,High,0.03839729,-2.587102328,0,0,0.686474926
1371,S1337,JAN2019_13-123_A. tenuis_1,13-123,1,A. tenuis,3,97,High,0.570506683,-4.161866899,0,0,0.574677771
1868,S1709,JAN2019_Lagoon_A. tenuis_118,Lagoon,118,A. tenuis,3,31,High,0.061864353,-2.772163,0,0,0.608682984
1492,S1456,JAN2019_Creech_A. tenuis_105,Creech,105,A. tenuis,5,40,High,0.047527533,-2.724919588,0,0,0.660092133
1523,S1487,JAN2019_Creech_A. tenuis_117,Creech,117,A. tenuis,3,47,High,0.725709115,-0.985379354,0,0,0.630419238
1280,S1246,JAN2019_13-123_A. tenuis_4,13-123,4,A. tenuis,10,1,High,6.964809404,-1.056642193,0,0,0.663159572
1449,S1413,JAN2019_Creech_A. tenuis_91,Creech,91,A. tenuis,4,25,High,0.357487201,-3.984316539,0,0,0.646210164
1533,S1497,JAN2019_Creech_A. tenuis_67,Creech,67,A. tenuis,4,62,High,0.415745494,-3.15053339,0,0,0.681313202
1352,S1318,JAN2019_13-123_A. tenuis_1,13-123,1,A. tenuis,4,25,High,6.024660336,-1.992921598,0.02937758,0,0.643604423
1054,S965,JAN2019_13-124_A. tenuis_162,13-124,162,A. tenuis,1,B37,High,0.392143948,-4.11623,0,0,0.52890625
1870,S1711,JAN2019_Lagoon_A. tenuis_126,Lagoon,126,A. tenuis,5,31,High,0.504212292,-4.104092,0,0,0.608920749
1315,S1281,JAN2019_13-123_A. tenuis_5,13-123,5,A. tenuis,1,11,High,0.724006122,-3.556583107,0,0,0.521846798
1510,S1474,JAN2019_Creech_A. tenuis_67,Creech,67,A. tenuis,4,44,High,0.124874304,-2.362327601,0,0,0.681703092
1354,S1320,JAN2019_13-123_A. tenuis_2,13-123,2,A. tenuis,6,25,High,3.008394103,-0.432649362,0,0,0.606454587
1349,S1315,JAN2019_13-123_A. tenuis_29,13-123,29,A. tenuis,1,25,High,3.86347246,-1.210810555,0,0,0.614859132
2223,S2135,JAN2019_11-049_A. tenuis_30,11-049,30,A. tenuis,3,19,High,0.669880026,-1.62015,0,0,0.589098597
1332,S1298,JAN2019_13-123_A. tenuis_5,13-123,5,A. tenuis,2,19,High,0.543376422,-3.732928119,0,0,0.611774858
1662,S1660,JAN2019_Lagoon_A. tenuis_94,Lagoon,94,A. tenuis,2,13,High,1.091058176,-2.909084,0.013480875,0,0.608226496
1448,S1412,JAN2019_Creech_A. tenuis_90,Creech,90,A. tenuis,3,25,High,0.101924287,-0.827761643,0,0,0.598536761
1453,S1417,JAN2019_Creech_A. tenuis_90,Creech,90,A. tenuis,3,26,High,0.879376322,-2.020314311,0,0,0.555350631
1083,S1003,JAN2019_13-124_A. tenuis_161,13-124,161,A. tenuis,5,B62,High,1.666058738,-3.48484,0,0,0.539793435
1450,S1414,JAN2019_Creech_A. tenuis_105,Creech,105,A. tenuis,5,25,High,0.138932174,-2.213623955,0,0,0.579571385
1375,S1341,JAN2019_13-123_A. tenuis_3,13-123,3,A. tenuis,7,97,High,3.847474523,-3.526969089,0,0,0.650127804
1271,S1237,JAN2019_13-123_A. tenuis_29,13-123,29,A. tenuis,1,1,High,1.872210871,-3.605369108,0,0,0.559400767
2284,S2196,JAN2019_11-049_A. tenuis_74,11-049,74,A. tenuis,4,48,High,1.170592133,-3.8282,0,0,0.583624337
1334,S1300,JAN2019_13-123_A. tenuis_22,13-123,22,A. tenuis,4,19,High,1.902667265,-1.915649874,0,0,0.546877822
1058,S969,JAN2019_13-124_A. tenuis_190,13-124,190,A. tenuis,5,B37,High,1.8013322,-2.41897,0,0,0.652227655
1665,S1663,JAN2019_Lagoon_A. tenuis_1,Lagoon,1,A. tenuis,5,13,High,1.733475497,-3.79347,0,0,0.675160642
1307,S1273,JAN2019_13-123_A. tenuis_5,13-123,5,A. tenuis,1,7,High,1.679507072,-3.142795931,0.061306818,0,0.591624694
1336,S1302,JAN2019_13-123_A. tenuis_23,13-123,23,A. tenuis,6,19,High,1.826912186,-2.368738455,0,0,0.581731471
2232,S2144,JAN2019_11-049_A. tenuis_37,11-049,37,A. tenuis,2,11,High,0.243409429,-4.11463,0,0,0.586716792
2265,S2177,JAN2019_11-049_A. tenuis_60,11-049,60,A. tenuis,5,49,High,1.32074021,-2.88668,0,0,0.604212366
1331,S1297,JAN2019_13-123_A. tenuis_5,13-123,5,A. tenuis,1,19,High,0.633753149,-3.81705745,0,0,0.505540134
1318,S1284,JAN2019_13-123_A. tenuis_22,13-123,22,A. tenuis,4,11,High,1.42922754,-2.993760851,0,0,0.57087237
2235,S2147,JAN2019_11-049_A. tenuis_41,11-049,41,A. tenuis,5,11,High,2.70902834,-1.77546,0,0,0.610293492
1378,S1344,JAN2019_13-123_A. tenuis_4,13-123,4,A. tenuis,10,97,High,3.244022642,-2.068451735,0,0,0.648153
1382,S1346,JAN2019_Creech_A. tenuis_112,Creech,112,A. tenuis,2,1,High,1.174473365,-1.944467965,0,0,0.658200973
1358,S1324,JAN2019_13-123_A. tenuis_4,13-123,4,A. tenuis,10,25,High,4.951436829,-0.299768741,0,0,0.682876916
1275,S1241,JAN2019_13-123_A. tenuis_2,13-123,2,A. tenuis,5,1,High,1.599784675,-2.087235323,0.063322217,0,0.59277966
1317,S1283,JAN2019_13-123_A. tenuis_22,13-123,22,A. tenuis,3,11,High,1.790659212,-1.952339352,0,0,0.587412875
1467,S1431,JAN2019_Creech_A. tenuis_112,Creech,112,A. tenuis,2,32,High,1.320395781,-0.918721451,0,0,0.640721178
1356,S1322,JAN2019_13-123_A. tenuis_3,13-123,3,A. tenuis,8,25,High,3.764944892,-1.546089191,0,0,0.657013309
2231,S2143,JAN2019_11-049_A. tenuis_35,11-049,35,A. tenuis,1,11,High,0.458396943,-4.29184,1.374756338,0.001398849,0.608502024
1471,S1435,JAN2019_Creech_A. tenuis_112,Creech,112,A. tenuis,2,33,High,0.2167267,-2.785287928,0.47448645,0.00187337,0.661185824
984,S926,JAN2019_13-124_A. tenuis_193,13-124,193,A. tenuis,5,B10,High,0.61744439,-2.13974,0.430998208,0.002595801,0.441842791
1277,S1243,JAN2019_13-123_A. tenuis_3,13-123,3,A. tenuis,7,1,High,3.18346974,-3.401790006,1.917922001,0.003432491,0.614593727
1381,S1345,JAN2019_Creech_A. tenuis_108,Creech,108,A. tenuis,1,1,High,0.556705045,-3.045657051,0.156960677,0.004884451,0.567014014
1526,S1490,JAN2019_Creech_A. tenuis_83,Creech,83,A. tenuis,2,61,High,2.065038464,-0.829905769,0.477701575,0.005873018,0.670830928
1470,S1434,JAN2019_Creech_A. tenuis_108,Creech,108,A. tenuis,1,33,High,0.876390768,-3.266152221,0.61787123,0.006413778,0.656359317
1775,S1717,JAN2019_Lagoon_A. tenuis_29,Lagoon,29,A. tenuis,3,35,High,1.356789321,-3.411218,0.70324074,0.007267939,0.547978673
2225,S2137,JAN2019_11-049_A. tenuis_33,11-049,33,A. tenuis,5,19,High,0.979008643,-2.33918,0.354120606,0.007891705,0.640753521
1351,S1317,JAN2019_13-123_A. tenuis_1,13-123,1,A. tenuis,3,25,High,2.070279903,-3.362697807,0.138551323,0.007904755,0.637818467
1322,S1288,JAN2019_13-123_A. tenuis_24,13-123,24,A. tenuis,8,11,High,2.685940527,-2.119802265,0.318370291,0.009004609,0.556654898
1774,S1716,JAN2019_Lagoon_A. tenuis_26,Lagoon,26,A. tenuis,2,35,High,0.540320142,-3.252514,0.38447971,0.009041904,0.606340924
1335,S1301,JAN2019_13-123_A. tenuis_23,13-123,23,A. tenuis,5,19,High,0.579673323,-2.236409574,0.197439413,0.009647082,0.514697005
1357,S1323,JAN2019_13-123_A. tenuis_4,13-123,4,A. tenuis,9,25,High,3.921771087,-0.633860687,0.524752965,0.011180118,0.665424307
2250,S2162,JAN2019_11-049_A. tenuis_52,11-049,52,A. tenuis,5,29,High,1.123356423,-2.22877,0.361825926,0.011516588,0.627722873
1869,S1710,JAN2019_Lagoon_A. tenuis_119,Lagoon,119,A. tenuis,4,31,High,0.409628244,-2.779795,0.051189076,0.011721251,0.635393393
1319,S1285,JAN2019_13-123_A. tenuis_23,13-123,23,A. tenuis,5,11,High,0.948856423,-2.087193968,0.364989023,0.012557227,0.560248714
1333,S1299,JAN2019_13-123_A. tenuis_22,13-123,22,A. tenuis,3,19,High,1.831101033,-2.729892196,0.379016346,0.012897421,0.622127399
2248,S2160,JAN2019_11-049_A. tenuis_46,11-049,46,A. tenuis,3,29,High,3.210370557,-1.62227,0.109975549,0.0129899,0.623551559
1509,S1473,JAN2019_Creech_A. tenuis_117,Creech,117,A. tenuis,3,44,High,0.556712099,-2.311117464,0.07904741,0.013200663,0.665057428
982,S924,JAN2019_13-124_A. tenuis_191,13-124,191,A. tenuis,3,B10,High,1.091339497,-3.26917,0.164380802,0.01330569,0.530513682
2264,S2176,JAN2019_11-049_A. tenuis_59,11-049,59,A. tenuis,4,49,High,2.79515619,-1.84656,0.346148722,0.013481681,0.634278145
2224,S2136,JAN2019_11-049_A. tenuis_32,11-049,32,A. tenuis,4,19,High,0.868122309,-2.11081,0.211338303,0.013775701,0.62309572
1355,S1321,JAN2019_13-123_A. tenuis_3,13-123,3,A. tenuis,7,25,High,5.091187921,-1.871387688,0.144925397,0.014442189,0.673585763
1867,S1708,JAN2019_Lagoon_A. tenuis_12,Lagoon,12,A. tenuis,2,31,High,0.963232318,-2.900958,0.089093896,0.014502958,0.657460024
1373,S1339,JAN2019_13-123_A. tenuis_2,13-123,2,A. tenuis,5,97,High,1.159929202,-2.073232863,0.059410677,0.01561277,0.614681832
1377,S1343,JAN2019_13-123_A. tenuis_4,13-123,4,A. tenuis,9,97,High,2.219276472,-2.124392353,0.01780056,0.015950393,0.520401232
1321,S1287,JAN2019_13-123_A. tenuis_24,13-123,24,A. tenuis,7,11,High,2.845806967,-0.572258356,0.476800842,0.016079376,0.559444445
1057,S968,JAN2019_13-124_A. tenuis_174,13-124,174,A. tenuis,4,B37,High,1.146046352,-2.32922,0.14806089,0.016659812,0.640579711
1080,S1000,JAN2019_13-124_A. tenuis_157,13-124,157,A. tenuis,2,B62,High,1.130639972,-3.98245,0.272046187,0.017992301,0.505166506
983,S925,JAN2019_13-124_A. tenuis_192,13-124,192,A. tenuis,4,B10,High,1.344817812,-3.62353,0.150599579,0.01944608,0.588400748
1310,S1276,JAN2019_13-123_A. tenuis_22,13-123,22,A. tenuis,4,7,High,4.018192643,-0.628157321,0.054811808,0.020587928,0.619460185
1055,S966,JAN2019_13-124_A. tenuis_163,13-124,163,A. tenuis,2,B37,High,2.272972974,-1.5203,0.111754428,0.021699673,0.58974359
1388,S1352,JAN2019_Creech_A. tenuis_67,Creech,67,A. tenuis,4,2,High,1.96857551,-1.885954659,0.102380665,0.021704619,0.68383807
981,S923,JAN2019_13-124_A. tenuis_196,13-124,196,A. tenuis,2,B10,High,0.704817248,-3.13494,0.08900773,0.021723956,0.573171566
2249,S2161,JAN2019_11-049_A. tenuis_47,11-049,47,A. tenuis,4,29,High,1.447454134,-1.16912,0.295326502,0.022293123,0.659040191
1776,S1718,JAN2019_Lagoon_A. tenuis_33,Lagoon,33,A. tenuis,4,35,High,1.060648946,-1.310078,0.185045389,0.022815509,0.610062457
1081,S1001,JAN2019_13-124_A. tenuis_159,13-124,159,A. tenuis,3,B62,High,2.168411412,-2.32347,0.162409494,0.023825724,0.554046256
1477,S1441,JAN2019_Creech_A. tenuis_91,Creech,91,A. tenuis,4,37,High,0.722054792,-3.295239308,0.075994245,0.023925257,0.587634763
1522,S1486,JAN2019_Creech_A. tenuis_112,Creech,112,A. tenuis,2,47,High,3.007832662,-0.826368785,0.044448127,0.023998012,0.683396072
1466,S1430,JAN2019_Creech_A. tenuis_108,Creech,108,A. tenuis,1,32,High,2.185441711,-1.54521968,0.064349313,0.024172752,0.670297974
2283,S2195,JAN2019_11-049_A. tenuis_73,11-049,73,A. tenuis,3,48,High,1.073794692,-2.56773,0,0.024743266,0.617311484
2285,S2197,JAN2019_11-049_A. tenuis_80,11-049,80,A. tenuis,5,48,High,5.7513998,-1.25422,0.192233958,0.025032902,0.657265538
1056,S967,JAN2019_13-124_A. tenuis_170,13-124,170,A. tenuis,3,B37,High,1.872511015,-2.55091,0.090559213,0.02532093,0.664560541
1664,S1662,JAN2019_Lagoon_A. tenuis_96,Lagoon,96,A. tenuis,4,13,High,0.786540526,-2.960014,0.12558276,0.025701651,0.636298795
1525,S1489,JAN2019_Creech_A. tenuis_81,Creech,81,A. tenuis,1,61,High,2.469572964,-1.846103848,0.069295335,0.027550064,0.678969753
1369,S1335,JAN2019_13-123_A. tenuis_29,13-123,29,A. tenuis,1,97,High,2.249411524,-3.421847308,0.009280598,0.028769699,0.521813347
1311,S1277,JAN2019_13-123_A. tenuis_23,13-123,23,A. tenuis,5,7,High,2.542491729,-0.179643229,0.053025704,0.029635223,0.512632461
1079,S999,JAN2019_13-124_A. tenuis_156,13-124,156,A. tenuis,1,B62,High,1.920322054,-3.51162,0.196479396,0.029955078,0.526992679
1663,S1661,JAN2019_Lagoon_A. tenuis_95,Lagoon,95,A. tenuis,3,13,High,1.389418654,-1.94035,0.11251657,0.030810277,0.781295036
1773,S1715,JAN2019_Lagoon_A. tenuis_21,Lagoon,21,A. tenuis,1,35,High,0.140142621,-1.671818,0.067661209,0.031205895,0.592857143
1309,S1275,JAN2019_13-123_A. tenuis_22,13-123,22,A. tenuis,3,7,High,2.726988585,-0.951553325,1.776497062,0.031410128,0.639618086
1496,S1460,JAN2019_Creech_A. tenuis_91,Creech,91,A. tenuis,4,41,High,0.614913431,-1.066923738,0.067616711,0.03226744,0.678430674
1338,S1304,JAN2019_13-123_A. tenuis_24,13-123,24,A. tenuis,8,19,High,2.562380228,-0.939800712,0.175079398,0.032888974,0.605555105
1497,S1461,JAN2019_Creech_A. tenuis_105,Creech,105,A. tenuis,5,41,High,1.114063856,-0.946118849,0.04812756,0.033187325,0.71022914
1082,S1002,JAN2019_13-124_A. tenuis_160,13-124,160,A. tenuis,4,B62,High,1.286593698,-3.16896,0.107305694,0.034302649,0.436541402
2247,S2159,JAN2019_11-049_A. tenuis_45,11-049,45,A. tenuis,2,29,High,5.52650439,-1.45884,0.105199821,0.037750106,0.653892747
2246,S2158,JAN2019_11-049_A. tenuis_43,11-049,43,A. tenuis,1,29,High,1.836393903,-1.08535,0.16995949,0.0386284,0.661900745
2233,S2145,JAN2019_11-049_A. tenuis_38,11-049,38,A. tenuis,3,11,High,0.757809741,-1.96004,0.138833509,0.042130253,0.675181484
1312,S1278,JAN2019_13-123_A. tenuis_23,13-123,23,A. tenuis,6,7,High,1.716993581,-0.173602836,0.041692024,0.042335647,0.580755922
1314,S1280,JAN2019_13-123_A. tenuis_24,13-123,24,A. tenuis,8,7,High,3.597068926,-0.866602264,0.146740941,0.043728423,0.596391713
2221,S2133,JAN2019_11-049_A. tenuis_23,11-049,23,A. tenuis,1,19,High,4.322425492,-1.35324,0.097766687,0.046232517,0.637533973
1313,S1279,JAN2019_13-123_A. tenuis_24,13-123,24,A. tenuis,7,7,High,2.858692721,-0.59553138,0.889880685,0.048134356,0.601698313
1279,S1245,JAN2019_13-123_A. tenuis_4,13-123,4,A. tenuis,9,1,High,2.445647064,-0.923798469,0.015670662,0.049087318,0.663626069
2263,S2175,JAN2019_11-049_A. tenuis_58,11-049,58,A. tenuis,3,49,High,1.789797028,-1.31668,0.151952907,0.050122766,0.639711602
1505,S1469,JAN2019_Creech_A. tenuis_91,Creech,91,A. tenuis,4,43,High,1.747426413,-2.447808985,0.041471075,0.050524027,0.705409815
1337,S1303,JAN2019_13-123_A. tenuis_24,13-123,24,A. tenuis,7,19,High,2.723686298,-0.219207169,0.102663872,0.051137756,0.599312663
1353,S1319,JAN2019_13-123_A. tenuis_2,13-123,2,A. tenuis,5,25,High,3.776866203,-0.424902391,0.034585314,0.052267628,0.653861308
1504,S1468,JAN2019_Creech_A. tenuis_90,Creech,90,A. tenuis,3,43,High,2.040140675,-0.911590179,0.080926195,0.055606223,0.644286491
2222,S2134,JAN2019_11-049_A. tenuis_24,11-049,24,A. tenuis,2,19,High,2.278861164,-0.97626,0.089040757,0.0571471,0.620564446
1777,S1719,JAN2019_Lagoon_A. tenuis_83,Lagoon,83,A. tenuis,5,35,High,1.799506808,-3.266622,0.009316805,0.068693076,0.646364217
1503,S1467,JAN2019_Creech_A. tenuis_83,Creech,83,A. tenuis,2,43,High,3.712217308,-0.691260565,0.03860344,0.071956742,0.649882904
1452,S1416,JAN2019_Creech_A. tenuis_83,Creech,83,A. tenuis,2,26,High,0.472740424,-2.314724292,0.009149063,0.086123074,0.653088578
1272,S1238,JAN2019_13-123_A. tenuis_29,13-123,29,A. tenuis,2,1,High,2.866411899,-4.363406526,0.003964758,0.14015146,0.569491526
980,S922,JAN2019_13-124_A. tenuis_195,13-124,195,A. tenuis,1,B10,High,6.448302234,-1.40295,0.035238717,0.141189402,0.4977961
1372,S1338,JAN2019_13-123_A. tenuis_1,13-123,1,A. tenuis,4,97,High,0.886860737,-4.381585467,0.027726938,0.227785317,0.625365329
1245,S1185,JAN2019_13-124_A. tenuis_161,13-124,161,A. tenuis,5,B61,Mid,3.619127593,-0.90615,0.390885496,0.006162465,0.647463333
915,S818,JAN2019_Corbett_A. tenuis_89,Corbett,89,A. tenuis,4,B44,Mid,3.117960903,-0.248315771,0.179681781,0.010285861,0.709198108
916,S819,JAN2019_Corbett_A. tenuis_90,Corbett,90,A. tenuis,5,B44,Mid,5.230028061,-0.324468778,0.341910266,0.012405594,0.668560679
886,S789,JAN2019_Corbett_A. tenuis_105,Corbett,105,A. tenuis,3,B29,Mid,2.450278876,0.081075643,0.052274902,0.013295099,0.678930415
2063,S1933,JAN2019_Mantis_A. tenuis_13,Mantis,13,A. tenuis,3,9,Mid,1.340517811,-0.292241399,0.116374897,0.014013067,0.673830006
1876,S1749,JAN2019_Lagoon_A. tenuis_8,Lagoon,8,A. tenuis,1,3,Mid,3.502644788,1.862808,0.24294456,0.017306893,0.687279431
1879,S1752,JAN2019_Lagoon_A. tenuis_119,Lagoon,119,A. tenuis,4,3,Mid,2.196799841,1.456026,0.42439876,0.01844041,0.676433523
1220,S1155,JAN2019_13-124_A. tenuis_190,13-124,190,A. tenuis,5,B41,Mid,6.084122661,-0.99924,0.114803998,0.023230519,0.667488727
2062,S1932,JAN2019_Mantis_A. tenuis_5,Mantis,5,A. tenuis,2,9,Mid,1.22453902,-0.98857974,0.077577034,0.027209513,0.676563959
888,S791,JAN2019_Corbett_A. tenuis_99,Corbett,99,A. tenuis,5,B29,Mid,2.045924182,0.263456474,0.092712067,0.031958763,0.680078591
1224,S1159,JAN2019_13-124_A. tenuis_192,13-124,192,A. tenuis,4,B42,Mid,7.40070736,-0.53202,0.049943715,0.032381637,0.658836414
1675,S1777,JAN2019_Lagoon_A. tenuis_1,Lagoon,1,A. tenuis,5,16,Mid,2.297080742,-0.519988,0.047445181,0.033301591,0.658589575
1225,S1160,JAN2019_13-124_A. tenuis_193,13-124,193,A. tenuis,5,B42,Mid,4.111195411,-0.13567,0.026236861,0.033359555,0.643295349
2009,S1909,JAN2019_Mantis_A. tenuis_28,Mantis,28,A. tenuis,4,50,Mid,2.263428342,-0.612031344,0.04097304,0.033856409,0.681035849
872,S775,JAN2019_Corbett_A. tenuis_98,Corbett,98,A. tenuis,2,B24,Mid,5.574274564,0.840843812,0.059574167,0.03407975,0.690729124
2008,S1908,JAN2019_Mantis_A. tenuis_27,Mantis,27,A. tenuis,3,50,Mid,2.355307903,-0.346855391,0.081146572,0.034090165,0.665284906
2007,S1907,JAN2019_Mantis_A. tenuis_22,Mantis,22,A. tenuis,2,50,Mid,4.893369626,0.298956745,0.092605919,0.034471962,0.67876518
809,S833,JAN2019_Corbett_A. tenuis_95,Corbett,95,A. tenuis,4,B6,Mid,0.15370063,0.062841274,0.050851958,0.036707338,0.666286447
912,S815,JAN2019_Corbett_A. tenuis_84,Corbett,84,A. tenuis,1,B44,Mid,2.900795153,-0.513136641,0.52045464,0.037449158,0.704308083
806,S830,JAN2019_Corbett_A. tenuis_91,Corbett,91,A. tenuis,1,B6,Mid,5.951161817,-0.027817137,0.065356518,0.039067769,0.699016112
913,S816,JAN2019_Corbett_A. tenuis_85,Corbett,85,A. tenuis,2,B44,Mid,7.486439723,0.190778692,0.231457455,0.041400697,0.744046456
2065,S1935,JAN2019_Mantis_A. tenuis_63,Mantis,63,A. tenuis,5,9,Mid,0.008017019,-0.823847816,0.028754422,0.041732712,0.657925019
1243,S1183,JAN2019_13-124_A. tenuis_159,13-124,159,A. tenuis,3,B61,Mid,5.099181507,-0.97766,0.061271696,0.043123047,0.626114817
885,S788,JAN2019_Corbett_A. tenuis_112,Corbett,112,A. tenuis,2,B29,Mid,5.229105793,0.011305369,0.134669907,0.043763304,0.697165515
1786,S1762,JAN2019_Lagoon_A. tenuis_33,Lagoon,33,A. tenuis,4,7,Mid,2.624418316,-0.483084,0.082448654,0.044472123,0.648542164
1878,S1751,JAN2019_Lagoon_A. tenuis_118,Lagoon,118,A. tenuis,3,3,Mid,0.901698394,0.196011,0.090094913,0.048248192,0.654327248
940,,JAN2019_Corbett_A. tenuis_96,Corbett,96,A. tenuis,5,B6,Mid,4.344644102,-0.34702214,0.070044195,0.048540782,0.672999728
2084,S1944,JAN2019_Mantis_A. tenuis_39,Mantis,39,A. tenuis,4,5,Mid,0.00317716,-0.056348786,0.039237298,0.048755739,0.685786552
1219,S1154,JAN2019_13-124_A. tenuis_174,13-124,174,A. tenuis,4,B41,Mid,3.104969608,-0.63423,0.163084035,0.049054464,0.641071912
1242,S1182,JAN2019_13-124_A. tenuis_157,13-124,157,A. tenuis,2,B61,Mid,4.901765562,-0.6248,0.03752392,0.049678657,0.631452004
914,S817,JAN2019_Corbett_A. tenuis_88,Corbett,88,A. tenuis,3,B44,Mid,0.567704104,-0.268270749,0.093806649,0.049911994,0.707317074
2061,S1931,JAN2019_Mantis_A. tenuis_49,Mantis,49,A. tenuis,1,9,Mid,0.015964526,-0.05346764,0.06190535,0.049973064,0.67567313
884,S787,JAN2019_Corbett_A. tenuis_101,Corbett,101,A. tenuis,1,B29,Mid,6.188705809,0.613483307,0.099442396,0.05304972,0.667942277
1783,S1759,JAN2019_Lagoon_A. tenuis_21,Lagoon,21,A. tenuis,1,7,Mid,2.235921984,0.542562,0.10006857,0.053294225,0.685434448
1787,S1763,JAN2019_Lagoon_A. tenuis_83,Lagoon,83,A. tenuis,5,7,Mid,0.756829955,-0.160115,0.153408699,0.053957175,0.696772061
1222,S1157,JAN2019_13-124_A. tenuis_196,13-124,196,A. tenuis,2,B42,Mid,3.862909152,0.000102,0.082986806,0.055058953,0.671160679
808,S832,JAN2019_Corbett_A. tenuis_94,Corbett,94,A. tenuis,3,B6,Mid,4.210871358,-0.063592061,0.20688869,0.056637665,0.667981613
2010,S1910,JAN2019_Mantis_A. tenuis_32,Mantis,32,A. tenuis,5,50,Mid,0.00800927,-0.410280352,0.049907539,0.05823569,0.674163242
1785,S1761,JAN2019_Lagoon_A. tenuis_29,Lagoon,29,A. tenuis,3,7,Mid,1.235991245,-0.076775,0.162115021,0.059488627,0.670896272
807,S831,JAN2019_Corbett_A. tenuis_93,Corbett,93,A. tenuis,2,B6,Mid,6.942547408,0.042967744,0.149154295,0.060048701,0.651103324
1673,S1775,JAN2019_Lagoon_A. tenuis_95,Lagoon,95,A. tenuis,3,16,Mid,2.048380781,0.083191,0.164568855,0.060186126,0.683286714
1674,S1776,JAN2019_Lagoon_A. tenuis_96,Lagoon,96,A. tenuis,4,16,Mid,2.114153683,-1.039382,0.063600564,0.060568235,0.648087615
2081,S1941,JAN2019_Mantis_A. tenuis_33,Mantis,33,A. tenuis,1,5,Mid,2.221257202,-0.703609124,0.069414992,0.062422782,0.665885087
871,S774,JAN2019_Corbett_A. tenuis_97,Corbett,97,A. tenuis,1,B24,Mid,6.118174489,0.413162395,0.178538768,0.063638306,0.703498244
1218,S1153,JAN2019_13-124_A. tenuis_170,13-124,170,A. tenuis,3,B41,Mid,5.217891248,-0.73611,0.154058991,0.064369282,0.660907018
1217,S1152,JAN2019_13-124_A. tenuis_163,13-124,163,A. tenuis,2,B41,Mid,5.212705001,-0.8518,0.085262248,0.065432797,0.649942713
1216,S1151,JAN2019_13-124_A. tenuis_162,13-124,162,A. tenuis,1,B41,Mid,4.078921732,-0.64871,0.087642351,0.065769192,0.582054922
1877,S1750,JAN2019_Lagoon_A. tenuis_12,Lagoon,12,A. tenuis,2,3,Mid,1.845473563,-1.145541,0.0983461,0.066954418,0.682180888
2006,S1906,JAN2019_Mantis_A. tenuis_21,Mantis,21,A. tenuis,1,50,Mid,2.068501877,0.166191831,0.026752578,0.067823161,0.672511486
1671,S1773,JAN2019_Lagoon_A. tenuis_90,Lagoon,90,A. tenuis,1,16,Mid,1.045856957,0.518905,0.073278073,0.0695979,0.648825737
1244,S1184,JAN2019_13-124_A. tenuis_160,13-124,160,A. tenuis,4,B61,Mid,5.408804385,-0.36137,0.082126644,0.070135582,0.595015647
1223,S1158,JAN2019_13-124_A. tenuis_191,13-124,191,A. tenuis,3,B42,Mid,4.264484421,-0.06676,0.048198618,0.073261667,0.695109229
2083,S1943,JAN2019_Mantis_A. tenuis_36,Mantis,36,A. tenuis,3,5,Mid,0.003305002,0.054094162,0.118726232,0.075240323,0.737634543
2082,S1942,JAN2019_Mantis_A. tenuis_34,Mantis,34,A. tenuis,2,5,Mid,3.345627373,0.263041632,0.031745857,0.081708711,0.688788661
887,S790,JAN2019_Corbett_A. tenuis_122,Corbett,122,A. tenuis,4,B29,Mid,4.1723492,0.186815695,0.047501985,0.082447683,0.681211174
2064,S1934,JAN2019_Mantis_A. tenuis_61,Mantis,61,A. tenuis,4,9,Mid,2.507169752,-0.12669545,0.093246166,0.085794412,0.709414557
1784,S1760,JAN2019_Lagoon_A. tenuis_26,Lagoon,26,A. tenuis,2,7,Mid,1.569063082,1.241943,0.056764613,0.086365426,0.568796743
1241,S1181,JAN2019_13-124_A. tenuis_156,13-124,156,A. tenuis,1,B61,Mid,7.116553514,-0.88452,0.074862053,0.090629439,0.643404086
2085,S1945,JAN2019_Mantis_A. tenuis_65,Mantis,65,A. tenuis,5,5,Mid,0.04794052,0.058379813,0.036921785,0.096781235,0.713151021
1221,S1156,JAN2019_13-124_A. tenuis_195,13-124,195,A. tenuis,1,B42,Mid,5.61986313,-0.13339,0.041948808,0.118716125,0.668758514
